{"dea": {}, "dfa": {"is_boundary": false, "is_fin": false, "set": null}, "vertex": {"0": {"z": 0.0, "y": 0.0, "x": 0.0}, "1": {"z": 0.0, "y": 0.0, "x": 0.15399999916553497}, "2": {"z": 0.0, "y": 0.0, "x": 0.30799999833106995}, "3": {"z": 0.0, "y": 0.0, "x": 0.46200001239776611}, "4": {"z": 0.0, "y": 0.0, "x": 0.61599999666213989}, "5": {"z": 0.0, "y": 0.0, "x": 0.76999998092651367}, "6": {"z": 0.0, "y": 0.13500000536441803, "x": 0.0}, "7": {"z": 0.0, "y": 0.13500000536441803, "x": 0.15399999916553497}, "8": {"z": 0.0, "y": 0.13500000536441803, "x": 0.30799999833106995}, "9": {"z": 0.0, "y": 0.13500000536441803, "x": 0.46200001239776611}, "10": {"z": 0.0, "y": 0.13500000536441803, "x": 0.61599999666213989}, "11": {"z": 0.0, "y": 0.13500000536441803, "x": 0.76999998092651367}, "12": {"z": 0.0, "y": 0.27000001072883606, "x": 0.0}, "13": {"z": 0.0, "y": 0.27000001072883606, "x": 0.15399999916553497}, "14": {"z": 0.0, "y": 0.27000001072883606, "x": 0.30799999833106995}, "15": {"z": 0.0, "y": 0.27000001072883606, "x": 0.46200001239776611}, "16": {"z": 0.0, "y": 0.27000001072883606, "x": 0.61599999666213989}, "17": {"z": 0.0, "y": 0.27000001072883606, "x": 0.76999998092651367}, "18": {"z": 0.0, "y": 0.4050000011920929, "x": 0.0}, "19": {"z": 0.0, "y": 0.4050000011920929, "x": 0.15399999916553497}, "20": {"z": 0.0, "y": 0.4050000011920929, "x": 0.30799999833106995}, "21": {"z": 0.0, "y": 0.4050000011920929, "x": 0.46200001239776611}, "22": {"z": 0.0, "y": 0.4050000011920929, "x": 0.61599999666213989}, "23": {"z": 0.0, "y": 0.4050000011920929, "x": 0.76999998092651367}, "24": {"z": 0.0, "y": 0.54000002145767212, "x": 0.0}, "25": {"z": 0.0, "y": 0.54000002145767212, "x": 0.15399999916553497}, "26": {"z": 0.0, "y": 0.54000002145767212, "x": 0.30799999833106995}, "27": {"z": 0.0, "y": 0.54000002145767212, "x": 0.46200001239776611}, "28": {"z": 0.0, "y": 0.54000002145767212, "x": 0.61599999666213989}, "29": {"z": 0.0, "y": 0.54000002145767212, "x": 0.76999998092651367}, "30": {"z": 0.0, "y": 0.67500001192092896, "x": 0.0}, "31": {"z": 0.0, "y": 0.67500001192092896, "x": 0.15399999916553497}, "32": {"z": 0.0, "y": 0.67500001192092896, "x": 0.30799999833106995}, "33": {"z": 0.0, "y": 0.67500001192092896, "x": 0.46200001239776611}, "34": {"z": 0.0, "y": 0.67500001192092896, "x": 0.61599999666213989}, "35": {"z": 0.0, "y": 0.67500001192092896, "x": 0.76999998092651367}}, "max_face": 24, "face": {"0": [0, 1, 7, 6], "1": [1, 2, 8, 7], "2": [2, 3, 9, 8], "3": [3, 4, 10, 9], "4": [4, 5, 11, 10], "5": [6, 7, 13, 12], "6": [7, 8, 14, 13], "7": [8, 9, 15, 14], "8": [9, 10, 16, 15], "9": [10, 11, 17, 16], "10": [12, 13, 19, 18], "11": [13, 14, 20, 19], "12": [14, 15, 21, 20], "13": [15, 16, 22, 21], "14": [16, 17, 23, 22], "15": [18, 19, 25, 24], "16": [19, 20, 26, 25], "17": [20, 21, 27, 26], "18": [21, 22, 28, 27], "19": [22, 23, 29, 28], "20": [24, 25, 31, 30], "21": [25, 26, 32, 31], "22": [26, 27, 33, 32], "23": [27, 28, 34, 33], "24": [28, 29, 35, 34]}, "facedata": {"0": {}, "1": {}, "2": {}, "3": {}, "4": {}, "5": {}, "6": {}, "7": {}, "8": {}, "9": {}, "10": {}, "11": {}, "12": {}, "13": {}, "14": {}, "15": {}, "16": {}, "17": {}, "18": {}, "19": {}, "20": {}, "21": {}, "22": {}, "23": {}, "24": {}}, "attributes": {"name": "Mesh"}, "edgedata": {}, "max_vertex": 35, "dva": {"z": 0.0, "y": 0.0, "x": 0.0}}