{"dea": {}, "dfa": {"is_boundary": false, "is_fin": false, "set": null}, "vertex": {"0": {"z": 0.0, "y": 0.0, "x": 0.0}, "1": {"z": 0.0, "y": 0.0, "x": 0.15399999916553497}, "2": {"z": 0.0, "y": 0.0, "x": 0.30799999833106995}, "3": {"z": 0.0, "y": 0.0, "x": 0.46200001239776611}, "4": {"z": 0.0, "y": 0.0, "x": 0.61599999666213989}, "5": {"z": 0.0, "y": 0.0, "x": 0.76999998092651367}, "6": {"z": 0.0, "y": 0.0, "x": 0.92400002479553223}, "7": {"z": 0.0, "y": 0.0, "x": 1.0779999494552612}, "8": {"z": 0.0, "y": 0.0, "x": 1.2319999933242798}, "9": {"z": 0.0, "y": 0.0, "x": 1.3860000371932983}, "10": {"z": 0.0, "y": 0.0, "x": 1.5399999618530273}, "11": {"z": 0.0, "y": 0.13500000536441803, "x": 0.0}, "12": {"z": 0.0, "y": 0.13500000536441803, "x": 0.15399999916553497}, "13": {"z": 0.0, "y": 0.13500000536441803, "x": 0.30799999833106995}, "14": {"z": 0.0, "y": 0.13500000536441803, "x": 0.46200001239776611}, "15": {"z": 0.0, "y": 0.13500000536441803, "x": 0.61599999666213989}, "16": {"z": 0.0, "y": 0.13500000536441803, "x": 0.76999998092651367}, "17": {"z": 0.0, "y": 0.13500000536441803, "x": 0.92400002479553223}, "18": {"z": 0.0, "y": 0.13500000536441803, "x": 1.0779999494552612}, "19": {"z": 0.0, "y": 0.13500000536441803, "x": 1.2319999933242798}, "20": {"z": 0.0, "y": 0.13500000536441803, "x": 1.3860000371932983}, "21": {"z": 0.0, "y": 0.13500000536441803, "x": 1.5399999618530273}, "22": {"z": 0.0, "y": 0.27000001072883606, "x": 0.0}, "23": {"z": 0.0, "y": 0.27000001072883606, "x": 0.15399999916553497}, "24": {"z": 0.0, "y": 0.27000001072883606, "x": 0.30799999833106995}, "25": {"z": 0.0, "y": 0.27000001072883606, "x": 0.46200001239776611}, "26": {"z": 0.0, "y": 0.27000001072883606, "x": 0.61599999666213989}, "27": {"z": 0.0, "y": 0.27000001072883606, "x": 0.76999998092651367}, "28": {"z": 0.0, "y": 0.27000001072883606, "x": 0.92400002479553223}, "29": {"z": 0.0, "y": 0.27000001072883606, "x": 1.0779999494552612}, "30": {"z": 0.0, "y": 0.27000001072883606, "x": 1.2319999933242798}, "31": {"z": 0.0, "y": 0.27000001072883606, "x": 1.3860000371932983}, "32": {"z": 0.0, "y": 0.27000001072883606, "x": 1.5399999618530273}, "33": {"z": 0.0, "y": 0.4050000011920929, "x": 0.0}, "34": {"z": 0.0, "y": 0.4050000011920929, "x": 0.15399999916553497}, "35": {"z": 0.0, "y": 0.4050000011920929, "x": 0.30799999833106995}, "36": {"z": 0.0, "y": 0.4050000011920929, "x": 0.46200001239776611}, "37": {"z": 0.0, "y": 0.4050000011920929, "x": 0.61599999666213989}, "38": {"z": 0.0, "y": 0.4050000011920929, "x": 0.76999998092651367}, "39": {"z": 0.0, "y": 0.4050000011920929, "x": 0.92400002479553223}, "40": {"z": 0.0, "y": 0.4050000011920929, "x": 1.0779999494552612}, "41": {"z": 0.0, "y": 0.4050000011920929, "x": 1.2319999933242798}, "42": {"z": 0.0, "y": 0.4050000011920929, "x": 1.3860000371932983}, "43": {"z": 0.0, "y": 0.4050000011920929, "x": 1.5399999618530273}, "44": {"z": 0.0, "y": 0.54000002145767212, "x": 0.0}, "45": {"z": 0.0, "y": 0.54000002145767212, "x": 0.15399999916553497}, "46": {"z": 0.0, "y": 0.54000002145767212, "x": 0.30799999833106995}, "47": {"z": 0.0, "y": 0.54000002145767212, "x": 0.46200001239776611}, "48": {"z": 0.0, "y": 0.54000002145767212, "x": 0.61599999666213989}, "49": {"z": 0.0, "y": 0.54000002145767212, "x": 0.76999998092651367}, "50": {"z": 0.0, "y": 0.54000002145767212, "x": 0.92400002479553223}, "51": {"z": 0.0, "y": 0.54000002145767212, "x": 1.0779999494552612}, "52": {"z": 0.0, "y": 0.54000002145767212, "x": 1.2319999933242798}, "53": {"z": 0.0, "y": 0.54000002145767212, "x": 1.3860000371932983}, "54": {"z": 0.0, "y": 0.54000002145767212, "x": 1.5399999618530273}, "55": {"z": 0.0, "y": 0.67500001192092896, "x": 0.0}, "56": {"z": 0.0, "y": 0.67500001192092896, "x": 0.15399999916553497}, "57": {"z": 0.0, "y": 0.67500001192092896, "x": 0.30799999833106995}, "58": {"z": 0.0, "y": 0.67500001192092896, "x": 0.46200001239776611}, "59": {"z": 0.0, "y": 0.67500001192092896, "x": 0.61599999666213989}, "60": {"z": 0.0, "y": 0.67500001192092896, "x": 0.76999998092651367}, "61": {"z": 0.0, "y": 0.67500001192092896, "x": 0.92400002479553223}, "62": {"z": 0.0, "y": 0.67500001192092896, "x": 1.0779999494552612}, "63": {"z": 0.0, "y": 0.67500001192092896, "x": 1.2319999933242798}, "64": {"z": 0.0, "y": 0.67500001192092896, "x": 1.3860000371932983}, "65": {"z": 0.0, "y": 0.67500001192092896, "x": 1.5399999618530273}, "66": {"z": 0.0, "y": 0.81000000238418579, "x": 0.0}, "67": {"z": 0.0, "y": 0.81000000238418579, "x": 0.15399999916553497}, "68": {"z": 0.0, "y": 0.81000000238418579, "x": 0.30799999833106995}, "69": {"z": 0.0, "y": 0.81000000238418579, "x": 0.46200001239776611}, "70": {"z": 0.0, "y": 0.81000000238418579, "x": 0.61599999666213989}, "71": {"z": 0.0, "y": 0.81000000238418579, "x": 0.76999998092651367}, "72": {"z": 0.0, "y": 0.81000000238418579, "x": 0.92400002479553223}, "73": {"z": 0.0, "y": 0.81000000238418579, "x": 1.0779999494552612}, "74": {"z": 0.0, "y": 0.81000000238418579, "x": 1.2319999933242798}, "75": {"z": 0.0, "y": 0.81000000238418579, "x": 1.3860000371932983}, "76": {"z": 0.0, "y": 0.81000000238418579, "x": 1.5399999618530273}, "77": {"z": 0.0, "y": 0.94499999284744263, "x": 0.0}, "78": {"z": 0.0, "y": 0.94499999284744263, "x": 0.15399999916553497}, "79": {"z": 0.0, "y": 0.94499999284744263, "x": 0.30799999833106995}, "80": {"z": 0.0, "y": 0.94499999284744263, "x": 0.46200001239776611}, "81": {"z": 0.0, "y": 0.94499999284744263, "x": 0.61599999666213989}, "82": {"z": 0.0, "y": 0.94499999284744263, "x": 0.76999998092651367}, "83": {"z": 0.0, "y": 0.94499999284744263, "x": 0.92400002479553223}, "84": {"z": 0.0, "y": 0.94499999284744263, "x": 1.0779999494552612}, "85": {"z": 0.0, "y": 0.94499999284744263, "x": 1.2319999933242798}, "86": {"z": 0.0, "y": 0.94499999284744263, "x": 1.3860000371932983}, "87": {"z": 0.0, "y": 0.94499999284744263, "x": 1.5399999618530273}, "88": {"z": 0.0, "y": 1.0800000429153442, "x": 0.0}, "89": {"z": 0.0, "y": 1.0800000429153442, "x": 0.15399999916553497}, "90": {"z": 0.0, "y": 1.0800000429153442, "x": 0.30799999833106995}, "91": {"z": 0.0, "y": 1.0800000429153442, "x": 0.46200001239776611}, "92": {"z": 0.0, "y": 1.0800000429153442, "x": 0.61599999666213989}, "93": {"z": 0.0, "y": 1.0800000429153442, "x": 0.76999998092651367}, "94": {"z": 0.0, "y": 1.0800000429153442, "x": 0.92400002479553223}, "95": {"z": 0.0, "y": 1.0800000429153442, "x": 1.0779999494552612}, "96": {"z": 0.0, "y": 1.0800000429153442, "x": 1.2319999933242798}, "97": {"z": 0.0, "y": 1.0800000429153442, "x": 1.3860000371932983}, "98": {"z": 0.0, "y": 1.0800000429153442, "x": 1.5399999618530273}, "99": {"z": 0.0, "y": 1.2150000333786011, "x": 0.0}, "100": {"z": 0.0, "y": 1.2150000333786011, "x": 0.15399999916553497}, "101": {"z": 0.0, "y": 1.2150000333786011, "x": 0.30799999833106995}, "102": {"z": 0.0, "y": 1.2150000333786011, "x": 0.46200001239776611}, "103": {"z": 0.0, "y": 1.2150000333786011, "x": 0.61599999666213989}, "104": {"z": 0.0, "y": 1.2150000333786011, "x": 0.76999998092651367}, "105": {"z": 0.0, "y": 1.2150000333786011, "x": 0.92400002479553223}, "106": {"z": 0.0, "y": 1.2150000333786011, "x": 1.0779999494552612}, "107": {"z": 0.0, "y": 1.2150000333786011, "x": 1.2319999933242798}, "108": {"z": 0.0, "y": 1.2150000333786011, "x": 1.3860000371932983}, "109": {"z": 0.0, "y": 1.2150000333786011, "x": 1.5399999618530273}, "110": {"z": 0.0, "y": 1.3500000238418579, "x": 0.0}, "111": {"z": 0.0, "y": 1.3500000238418579, "x": 0.15399999916553497}, "112": {"z": 0.0, "y": 1.3500000238418579, "x": 0.30799999833106995}, "113": {"z": 0.0, "y": 1.3500000238418579, "x": 0.46200001239776611}, "114": {"z": 0.0, "y": 1.3500000238418579, "x": 0.61599999666213989}, "115": {"z": 0.0, "y": 1.3500000238418579, "x": 0.76999998092651367}, "116": {"z": 0.0, "y": 1.3500000238418579, "x": 0.92400002479553223}, "117": {"z": 0.0, "y": 1.3500000238418579, "x": 1.0779999494552612}, "118": {"z": 0.0, "y": 1.3500000238418579, "x": 1.2319999933242798},