{"data": {"max_face": 17, "attributes": {"name": "Mesh"}, "edgedata": {}, "facedata": {"1": {}, "2": {}, "3": {}, "4": {}, "5": {}, "6": {}, "7": {}, "8": {}, "9": {}, "10": {}, "11": {}, "12": {}, "13": {}, "14": {}, "15": {}, "16": {}, "17": {}}, "face": {"1": [0, 14, 12, 13], "2": [1, 15, 13, 10], "3": [4, 1, 10, 7], "4": [5, 2, 6, 17], "5": [3, 16, 19, 8], "6": [11, 4, 7], "7": [18, 5, 17], "8": [6, 7, 17], "9": [7, 6, 2, 11], "10": [7, 10, 13], "11": [7, 13, 8, 17], "12": [8, 9, 3], "13": [9, 8, 12, 14], "14": [17, 8, 19], "15": [12, 8, 13], "16": [0, 13, 15], "17": [18, 17, 19, 16]}, "dea": {}, "max_vertex": 19, "dfa": {"set": null, "is_boundary": false}, "vertex": {"0": {"y": 2.7342926482737884, "z": 0.0, "x": 5.0}, "1": {"y": 0.0, "z": 0.0, "x": 5.0}, "2": {"y": 0.0, "z": 0.0, "x": 0.0}, "3": {"y": 4.0, "z": 0.0, "x": 1.5058285648929974}, "4": {"y": 0.0, "z": 0.0, "x": 3.4941714351070026}, "5": {"y": 1.2657073517262116, "z": 0.0, "x": 0.0}, "6": {"y": 0.55696202531645567, "z": 0.11378008605197616, "x": 0.69620253164556967}, "7": {"y": 1.3417721518987342, "z": 0.26702189094978118, "x": 2.5}, "8": {"y": 2.6582278481012653, "z": 0.26702189094978124, "x": 2.5}, "9": {"y": 4.0, "z": 0.0, "x": 3.4941714351070026}, "10": {"y": 0.55696202531645567, "z": 0.11378008605197616, "x": 4.3037974683544302}, "11": {"y": 0.0, "z": 0.0, "x": 1.5058285648929974}, "12": {"y": 3.443037974683544, "z": 0.11378008605197618, "x": 4.3037974683544302}, "13": {"y": 2.0, "z": 0.26668650301540348, "x": 3.3227848101265822}, "14": {"y": 4.0, "z": 0.0, "x": 5.0}, "15": {"y": 1.2657073517262116, "z": 0.0, "x": 5.0}, "16": {"y": 4.0, "z": 0.0, "x": 0.0}, "17": {"y": 2.0, "z": 0.26668650301540353, "x": 1.677215189873418}, "18": {"y": 2.7342926482737884, "z": 0.0, "x": 0.0}, "19": {"y": 3.443037974683544, "z": 0.11378008605197618, "x": 0.69620253164556967}}, "dva": {"y": 0.0, "z": 0.0, "x": 0.0}}, "datatype": "timber_vibro.meshing/Mesh", "compas": "1.6.2"}