{"dea": {}, "dfa": {}, "vertex": {"91": {"z": 0.0, "y": 3.2000000476837158, "x": 1.5}, "81": {"z": 0.0, "y": 2.7999999523162842, "x": 2.0}, "120": {"z": 0.0, "y": 4.0, "x": 5.0}, "56": {"z": 0.0, "y": 2.0, "x": 0.5}, "46": {"z": 0.0, "y": 1.6000000238418579, "x": 1.0}, "76": {"z": 0.0, "y": 2.4000000953674316, "x": 5.0}, "66": {"z": 0.0, "y": 2.4000000953674316, "x": 0.0}, "16": {"z": 0.0, "y": 0.40000000596046448, "x": 2.5}, "36": {"z": 0.0, "y": 1.2000000476837158, "x": 1.5}, "26": {"z": 0.0, "y": 0.80000001192092896, "x": 2.0}, "96": {"z": 0.0, "y": 3.2000000476837158, "x": 4.0}, "86": {"z": 0.0, "y": 2.7999999523162842, "x": 4.5}, "59": {"z": 0.0, "y": 2.0, "x": 2.0}, "49": {"z": 0.0, "y": 1.6000000238418579, "x": 2.5}, "79": {"z": 0.0, "y": 2.7999999523162842, "x": 1.0}, "69": {"z": 0.0, "y": 2.4000000953674316, "x": 1.5}, "19": {"z": 0.0, "y": 0.40000000596046448, "x": 4.0}, "39": {"z": 0.0, "y": 1.2000000476837158, "x": 3.0}, "29": {"z": 0.0, "y": 0.80000001192092896, "x": 3.5}, "99": {"z": 0.0, "y": 3.5999999046325684, "x": 0.0}, "89": {"z": 0.0, "y": 3.2000000476837158, "x": 0.5}, "52": {"z": 0.0, "y": 1.6000000238418579, "x": 4.0}, "42": {"z": 0.0, "y": 1.2000000476837158, "x": 4.5}, "72": {"z": 0.0, "y": 2.4000000953674316, "x": 3.0}, "62": {"z": 0.0, "y": 2.0, "x": 3.5}, "12": {"z": 0.0, "y": 0.40000000596046448, "x": 0.5}, "32": {"z": 0.0, "y": 0.80000001192092896, "x": 5.0}, "22": {"z": 0.0, "y": 0.80000001192092896, "x": 0.0}, "5": {"z": 0.0, "y": 0.0, "x": 2.5}, "4": {"z": 0.0, "y": 0.0, "x": 2.0}, "7": {"z": 0.0, "y": 0.0, "x": 3.5}, "6": {"z": 0.0, "y": 0.0, "x": 3.0}, "1": {"z": 0.0, "y": 0.0, "x": 0.5}, "82": {"z": 0.0, "y": 2.7999999523162842, "x": 2.5}, "0": {"z": 0.0, "y": 0.0, "x": 0.0}, "3": {"z": 0.0, "y": 0.0, "x": 1.5}, "2": {"z": 0.0, "y": 0.0, "x": 1.0}, "92": {"z": 0.0, "y": 3.2000000476837158, "x": 2.0}, "9": {"z": 0.0, "y": 0.0, "x": 4.5}, "8": {"z": 0.0, "y": 0.0, "x": 4.0}, "57": {"z": 0.0, "y": 2.0, "x": 1.0}, "47": {"z": 0.0, "y": 1.6000000238418579, "x": 1.5}, "77": {"z": 0.0, "y": 2.7999999523162842, "x": 0.0}, "67": {"z": 0.0, "y": 2.4000000953674316, "x": 0.5}, "17": {"z": 0.0, "y": 0.40000000596046448, "x": 3.0}, "37": {"z": 0.0, "y": 1.2000000476837158, "x": 2.0}, "27": {"z": 0.0, "y": 0.80000001192092896, "x": 2.5}, "97": {"z": 0.0, "y": 3.2000000476837158, "x": 4.5}, "87": {"z": 0.0, "y": 2.7999999523162842, "x": 5.0}, "53": {"z": 0.0, "y": 1.6000000238418579, "x": 4.5}, "43": {"z": 0.0, "y": 1.2000000476837158, "x": 5.0}, "73": {"z": 0.0, "y": 2.4000000953674316, "x": 3.5}, "63": {"z": 0.0, "y": 2.0, "x": 4.0}, "13": {"z": 0.0, "y": 0.40000000596046448, "x": 1.0}, "33": {"z": 0.0, "y": 1.2000000476837158, "x": 0.0}, "23": {"z": 0.0, "y": 0.80000001192092896, "x": 0.5}, "93": {"z": 0.0, "y": 3.2000000476837158, "x": 2.5}, "83": {"z": 0.0, "y": 2.7999999523162842, "x": 3.0}, "58": {"z": 0.0, "y": 2.0, "x": 1.5}, "48": {"z": 0.0, "y": 1.6000000238418579, "x": 2.0}, "78": {"z": 0.0, "y": 2.7999999523162842, "x": 0.5}, "68": {"z": 0.0, "y": 2.4000000953674316, "x": 1.0}, "18": {"z": 0.0, "y": 0.40000000596046448, "x": 3.5}, "38": {"z": 0.0, "y": 1.2000000476837158, "x": 2.5}, "28": {"z": 0.0, "y": 0.80000001192092896, "x": 3.0}, "98": {"z": 0.0, "y": 3.2000000476837158, "x": 5.0}, "88": {"z": 0.0, "y": 3.2000000476837158, "x": 0.0}, "104": {"z": 0.0, "y": 3.5999999046325684, "x": 2.5}, "105": {"z": 0.0, "y": 3.5999999046325684, "x": 3.0}, "106": {"z": 0.0, "y": 3.5999999046325684, "x": 3.5}, "107": {"z": 0.0, "y": 3.5999999046325684, "x": 4.0}, "100": {"z": 0.0, "y": 3.5999999046325684, "x": 0.5}, "101": {"z": 0.0, "y": 3.5999999046325684, "x": 1.0}, "102": {"z": 0.0, "y": 3.5999999046325684, "x": 1.5}, "103": {"z": 0.0, "y": 3.5999999046325684, "x": 2.0}, "108": {"z": 0.0, "y": 3.5999999046325684, "x": 4.5}, "109": {"z": 0.0, "y": 3.5999999046325684, "x": 5.0}, "54": {"z": 0.0, "y": 1.6000000238418579, "x": 5.0}, "44": {"z": 0.0, "y": 1.6000000238418579, "x": 0.0}, "74": {"z": 0.0, "y": 2.4000000953674316, "x": 4.0}, "64": {"z": 0.0, "y": 2.0, "x": 4.5}, "14": {"z": 0.0, "y": 0.40000000596046448, "x": 1.5}, "34": {"z": 0.0, "y": 1.2000000476837158, "x": 0.5}, "24": {"z": 0.0, "y": 0.80000001192092896, "x": 1.0}, "94": {"z": 0.0, "y": 3.2000000476837158, "x": 3.0}, "84": {"z": 0.0, "y": 2.7999999523162842, "x": 3.5}, "114": {"z": 0.0, "y": 4.0, "x": 2.0}, "115": {"z": 0.0, "y": 4.0, "x": 2.5}, "116": {"z": 0.0, "y": 4.0, "x": 3.0}, "117": {"z": 0.0, "y": 4.0, "x": 3.5}, "110": {"z": 0.0, "y": 4.0, "x": 0.0}, "50": {"z": 0.0, "y": 1.6000000238418579, "x": 3.0}, "40": {"z": 0.0, "y": 1.2000000476837158, "x": 3.5}, "70": {"z": 0.0, "y": 2.4000000953674316, "x": 2.0}, "60": {"z": 0.0, "y": 2.0, "x": 2.5}, "10": {"z": 0.0, "y": 0.0, "x": 5.0}, "111": {"z": 0.0, "y": 4.0, "x": 0.5}, "30": {"z": 0.0, "y": 0.80000001192092896, "x": 4.0}, "20": {"z": 0.0, "y": 0.40000000596046448, "x": 4.5}, "112": {"z": 0.0, "y": 4.0, "x": 1.0}, "113": {"z": 0.0, "y": 4.0, "x": 1.5}, "118": {"z": 0.0, "y": 4.0, "x": 4.0}, "119": {"z": 0.0, "y": 4.0, "x": 4.5}, "90": {"z": 0.0, "y": 3.2000000476837158, "x": 1.0}, "80": {"z": 0.0, "y": 2.7999999523162842, "x": 1.5}, "55": {"z": 0.0, "y": 2.0, "x": 0.0}, "45": {"z": 0.0, "y": 1.6000000238418579, "x": 0.5}, "75": {"z": 0.0, "y": 2.4000000953674316, "x": 4.5}, "65": {"z": 0.0, "y": 2.0, "x": 5.0}, "15": {"z": 0.0, "y": 0.40000000596046448, "x": 2.0}, "35": {"z": 0.0, "y": 1.2000000476837158, "x": 1.0}, "25": {"z": 0.0, "y": 0.80000001192092896, "x": 1.5}, "95": {"z": 0.0, "y": 3.2000000476837158, "x": 3.5}, "85": {"z": 0.0, "y": 2.7999999523162842, "x": 4.0}, "51": {"z": 0.0, "y": 1.6000000238418579, "x": 3.5}, "41": {"z": 0.0, "y": 1.2000000476837158, "x": 4.0}, "71": {"z": 0.0, "y": 2.4000000953674316, "x": 2.5}, "61": {"z": 0.0, "y": 2.0, "x": 3.0}, "11": {"z": 0.0, "y": 0.40000000596046448, "x": 0.0}, "31": {"z": 0.0, "y": 0.80000001192092896, "x": 4.5}, "21": {"z": 0.0, "y": 0.40000000596046448, "x": 5.0}}, "face": {"91": ["100", "101", "112", "111"], "81": ["89", "90", "101", "100"], "56": ["61", "62", "73", "72"], "46": ["50", "51", "62", "61"], "76": ["83", "84", "95", "94"], "66": ["72", "73", "84", "83"], "16": ["17", "18", "29", "28"], "36": ["39", "40", "51", "50"], "26": ["28", "29", "40", "39"], "96": ["105", "106", "117", "116"], "86": ["94", "95", "106", "105"], "59": ["64", "65", "76", "75"], "49": ["53", "54", "65", "64"], "79": ["86", "87", "98", "97"], "69": ["75", "76", "87", "86"], "19": ["20", "21", "32", "31"], "39": ["42", "43", "54", "53"], "29": ["31", "32", "43", "42"], "99": ["108", "109", "120", "119"], "89": ["97", "98", "109", "108"], "52": ["57", "58", "69", "68"], "42": ["46", "47", "58", "57"], "72": ["79", "80", "91", "90"], "62": ["68", "69", "80", "79"], "12": ["13", "14", "25", "24"], "32": ["35", "36", "47", "46"], "22": ["24", "25", "36", "35"], "5": ["5", "6", "17", "16"], "4": ["4", "5", "16", "15"], "7": ["7", "8", "19", "18"], "6": ["6", "7", "18", "17"], "1": ["1", "2", "13", "12"], "82": ["90", "91", "102", "101"], "0": ["0", "1", "12", "11"], "3": ["3", "4", "15", "14"], "2": ["2", "3", "14", "13"], "92": ["101", "102", "113", "112"], "9": ["9", "10", "21", "20"], "8": ["8", "9", "20", "19"], "57": ["62", "63", "74", "73"], "47": ["51", "52", "63", "62"], "77": ["84", "85", "96", "95"], "67": ["73", "74", "85", "84"], "17": ["18", "19", "30", "29"], "37": ["40", "41", "52", "51"], "27": ["29", "30", "41", "40"], "97": ["106", "107", "118", "117"], "87": ["95", "96", "107", "106"], "53": ["58", "59", "70", "69"], "43": ["47", "48", "59", "58"], "73": ["80", "81", "92", "91"], "63": ["69", "70", "81", "80"], "13": ["14", "15", "26", "25"], "33": ["36", "37", "48", "47"], "23": ["25", "26", "37", "36"], "93": ["102", "103", "114", "113"], "83": ["91", "92", "103", "102"], "58": ["63", "64", "75", "74"], "48": ["52", "53", "64", "63"], "78": ["85", "86", "97", "96"], "68": ["74", "75", "86", "85"], "18": ["19", "20", "31", "30"],