{"dea": {}, "dfa": {"is_boundary": false, "is_fin": false, "set": null}, "vertex": {"0": {"z": 0.0, "y": 0.0, "x": 0.0}, "1": {"z": 0.0, "y": 0.0, "x": 0.83333331346511841}, "2": {"z": 0.0, "y": 0.0, "x": 1.6666666269302368}, "3": {"z": 0.0, "y": 0.0, "x": 2.5}, "4": {"z": 0.0, "y": 0.0, "x": 3.3333332538604736}, "5": {"z": 0.0, "y": 0.0, "x": 4.1666665077209473}, "6": {"z": 0.0, "y": 0.0, "x": 5.0}, "7": {"z": 0.0, "y": 0.66666668653488159, "x": 0.0}, "8": {"z": 0.0, "y": 0.66666668653488159, "x": 0.83333331346511841}, "9": {"z": 0.0, "y": 0.66666668653488159, "x": 1.6666666269302368}, "10": {"z": 0.0, "y": 0.66666668653488159, "x": 2.5}, "11": {"z": 0.0, "y": 0.66666668653488159, "x": 3.3333332538604736}, "12": {"z": 0.0, "y": 0.66666668653488159, "x": 4.1666665077209473}, "13": {"z": 0.0, "y": 0.66666668653488159, "x": 5.0}, "14": {"z": 0.0, "y": 1.3333333730697632, "x": 0.0}, "15": {"z": 0.0, "y": 1.3333333730697632, "x": 0.83333331346511841}, "16": {"z": 0.0, "y": 1.3333333730697632, "x": 1.6666666269302368}, "17": {"z": 0.0, "y": 1.3333333730697632, "x": 2.5}, "18": {"z": 0.0, "y": 1.3333333730697632, "x": 3.3333332538604736}, "19": {"z": 0.0, "y": 1.3333333730697632, "x": 4.1666665077209473}, "20": {"z": 0.0, "y": 1.3333333730697632, "x": 5.0}, "21": {"z": 0.0, "y": 2.0, "x": 0.0}, "22": {"z": 0.0, "y": 2.0, "x": 0.83333331346511841}, "23": {"z": 0.0, "y": 2.0, "x": 1.6666666269302368}, "24": {"z": 0.0, "y": 2.0, "x": 2.5}, "25": {"z": 0.0, "y": 2.0, "x": 3.3333332538604736}, "26": {"z": 0.0, "y": 2.0, "x": 4.1666665077209473}, "27": {"z": 0.0, "y": 2.0, "x": 5.0}, "28": {"z": 0.0, "y": 2.6666667461395264, "x": 0.0}, "29": {"z": 0.0, "y": 2.6666667461395264, "x": 0.83333331346511841}, "30": {"z": 0.0, "y": 2.6666667461395264, "x": 1.6666666269302368}, "31": {"z": 0.0, "y": 2.6666667461395264, "x": 2.5}, "32": {"z": 0.0, "y": 2.6666667461395264, "x": 3.3333332538604736}, "33": {"z": 0.0, "y": 2.6666667461395264, "x": 4.1666665077209473}, "34": {"z": 0.0, "y": 2.6666667461395264, "x": 5.0}, "35": {"z": 0.0, "y": 3.3333332538604736, "x": 0.0}, "36": {"z": 0.0, "y": 3.3333332538604736, "x": 0.83333331346511841}, "37": {"z": 0.0, "y": 3.3333332538604736, "x": 1.6666666269302368}, "38": {"z": 0.0, "y": 3.3333332538604736, "x": 2.5}, "39": {"z": 0.0, "y": 3.3333332538604736, "x": 3.3333332538604736}, "40": {"z": 0.0, "y": 3.3333332538604736, "x": 4.1666665077209473}, "41": {"z": 0.0, "y": 3.3333332538604736, "x": 5.0}, "42": {"z": 0.0, "y": 4.0, "x": 0.0}, "43": {"z": 0.0, "y": 4.0, "x": 0.83333331346511841}, "44": {"z": 0.0, "y": 4.0, "x": 1.6666666269302368}, "45": {"z": 0.0, "y": 4.0, "x": 2.5}, "46": {"z": 0.0, "y": 4.0, "x": 3.3333332538604736}, "47": {"z": 0.0, "y": 4.0, "x": 4.1666665077209473}, "48": {"z": 0.0, "y": 4.0, "x": 5.0}}, "max_face": 35, "face": {"0": [0, 1, 8, 7], "1": [1, 2, 9, 8], "2": [2, 3, 10, 9], "3": [3, 4, 11, 10], "4": [4, 5, 12, 11], "5": [5, 6, 13, 12], "6": [7, 8, 15, 14], "7": [8, 9, 16, 15], "8": [9, 10, 17, 16], "9": [10, 11, 18, 17], "10": [11, 12, 19, 18], "11": [12, 13, 20, 19], "12": [14, 15, 22, 21], "13": [15, 16, 23, 22], "14": [16, 17, 24, 23], "15": [17, 18, 25, 24], "16": [18, 19, 26, 25], "17": [19, 20, 27, 26], "18": [21, 22, 29, 28], "19": [22, 23, 30, 29], "20": [23, 24, 31, 30], "21": [24, 25, 32, 31], "22": [25, 26, 33, 32], "23": [26, 27, 34, 33], "24": [28, 29, 36, 35], "25": [29, 30, 37, 36], "26": [30, 31, 38, 37], "27": [31, 32, 39, 38], "28": [32, 33, 40, 39], "29": [33, 34, 41, 40], "30": [35, 36, 43, 42], "31": [36, 37, 44, 43], "32": [37, 38, 45, 44], "33": [38, 39, 46, 45], "34": [39, 40, 47, 46], "35": [40, 41, 48, 47]}, "facedata": {"0": {}, "1": {}, "2": {}, "3": {}, "4": {}, "5": {}, "6": {}, "7": {}, "8": {}, "9": {}, "10": {}, "11": {}, "12": {}, "13": {}, "14": {}, "15": {}, "16": {}, "17": {}, "18": {}, "19": {}, "20": {}, "21": {}, "22": {}, "23": {}, "24": {}, "25": {}, "26": {}, "27": {}, "28": {}, "29": {}, "30": {}, "31": {}, "32": {}, "33": {}, "34": {}, "35": {}}, "attributes": {"name": "Mesh"}, "edgedata": {}, "max_vertex": 48, "dva": {"z": 0.0, "y": 0.0, "x": 0.0}}