{"dea": {}, "dfa": {"is_boundary": false, "is_fin": false, "set": null}, "vertex": {"0": {"z": 0.0, "y": 0.0, "x": 0.0}, "1": {"z": 0.0, "y": 0.0, "x": 0.25}, "2": {"z": 0.0, "y": 0.0, "x": 0.5}, "3": {"z": 0.0, "y": 0.0, "x": 0.75}, "4": {"z": 0.0, "y": 0.0, "x": 1.0}, "5": {"z": 0.0, "y": 0.0, "x": 1.25}, "6": {"z": 0.0, "y": 0.0, "x": 1.5}, "7": {"z": 0.0, "y": 0.0, "x": 1.75}, "8": {"z": 0.0, "y": 0.0, "x": 2.0}, "9": {"z": 0.0, "y": 0.0, "x": 2.25}, "10": {"z": 0.0, "y": 0.0, "x": 2.5}, "11": {"z": 0.0, "y": 0.20000000298023224, "x": 0.0}, "12": {"z": 0.0, "y": 0.20000000298023224, "x": 0.25}, "13": {"z": 0.0, "y": 0.20000000298023224, "x": 0.5}, "14": {"z": 0.0, "y": 0.20000000298023224, "x": 0.75}, "15": {"z": 0.0, "y": 0.20000000298023224, "x": 1.0}, "16": {"z": 0.0, "y": 0.20000000298023224, "x": 1.25}, "17": {"z": 0.0, "y": 0.20000000298023224, "x": 1.5}, "18": {"z": 0.0, "y": 0.20000000298023224, "x": 1.75}, "19": {"z": 0.0, "y": 0.20000000298023224, "x": 2.0}, "20": {"z": 0.0, "y": 0.20000000298023224, "x": 2.25}, "21": {"z": 0.0, "y": 0.20000000298023224, "x": 2.5}, "22": {"z": 0.0, "y": 0.40000000596046448, "x": 0.0}, "23": {"z": 0.0, "y": 0.40000000596046448, "x": 0.25}, "24": {"z": 0.0, "y": 0.40000000596046448, "x": 0.5}, "25": {"z": 0.0, "y": 0.40000000596046448, "x": 0.75}, "26": {"z": 0.0, "y": 0.40000000596046448, "x": 1.0}, "27": {"z": 0.0, "y": 0.40000000596046448, "x": 1.25}, "28": {"z": 0.0, "y": 0.40000000596046448, "x": 1.5}, "29": {"z": 0.0, "y": 0.40000000596046448, "x": 1.75}, "30": {"z": 0.0, "y": 0.40000000596046448, "x": 2.0}, "31": {"z": 0.0, "y": 0.40000000596046448, "x": 2.25}, "32": {"z": 0.0, "y": 0.40000000596046448, "x": 2.5}, "33": {"z": 0.0, "y": 0.60000002384185791, "x": 0.0}, "34": {"z": 0.0, "y": 0.60000002384185791, "x": 0.25}, "35": {"z": 0.0, "y": 0.60000002384185791, "x": 0.5}, "36": {"z": 0.0, "y": 0.60000002384185791, "x": 0.75}, "37": {"z": 0.0, "y": 0.60000002384185791, "x": 1.0}, "38": {"z": 0.0, "y": 0.60000002384185791, "x": 1.25}, "39": {"z": 0.0, "y": 0.60000002384185791, "x": 1.5}, "40": {"z": 0.0, "y": 0.60000002384185791, "x": 1.75}, "41": {"z": 0.0, "y": 0.60000002384185791, "x": 2.0}, "42": {"z": 0.0, "y": 0.60000002384185791, "x": 2.25}, "43": {"z": 0.0, "y": 0.60000002384185791, "x": 2.5}, "44": {"z": 0.0, "y": 0.80000001192092896, "x": 0.0}, "45": {"z": 0.0, "y": 0.80000001192092896, "x": 0.25}, "46": {"z": 0.0, "y": 0.80000001192092896, "x": 0.5}, "47": {"z": 0.0, "y": 0.80000001192092896, "x": 0.75}, "48": {"z": 0.0, "y": 0.80000001192092896, "x": 1.0}, "49": {"z": 0.0, "y": 0.80000001192092896, "x": 1.25}, "50": {"z": 0.0, "y": 0.80000001192092896, "x": 1.5}, "51": {"z": 0.0, "y": 0.80000001192092896, "x": 1.75}, "52": {"z": 0.0, "y": 0.80000001192092896, "x": 2.0}, "53": {"z": 0.0, "y": 0.80000001192092896, "x": 2.25}, "54": {"z": 0.0, "y": 0.80000001192092896, "x": 2.5}, "55": {"z": 0.0, "y": 1.0, "x": 0.0}, "56": {"z": 0.0, "y": 1.0, "x": 0.25}, "57": {"z": 0.0, "y": 1.0, "x": 0.5}, "58": {"z": 0.0, "y": 1.0, "x": 0.75}, "59": {"z": 0.0, "y": 1.0, "x": 1.0}, "60": {"z": 0.0, "y": 1.0, "x": 1.25}, "61": {"z": 0.0, "y": 1.0, "x": 1.5}, "62": {"z": 0.0, "y": 1.0, "x": 1.75}, "63": {"z": 0.0, "y": 1.0, "x": 2.0}, "64": {"z": 0.0, "y": 1.0, "x": 2.25}, "65": {"z": 0.0, "y": 1.0, "x": 2.5}, "66": {"z": 0.0, "y": 1.2000000476837158, "x": 0.0}, "67": {"z": 0.0, "y": 1.2000000476837158, "x": 0.25}, "68": {"z": 0.0, "y": 1.2000000476837158, "x": 0.5}, "69": {"z": 0.0, "y": 1.2000000476837158, "x": 0.75}, "70": {"z": 0.0, "y": 1.2000000476837158, "x": 1.0}, "71": {"z": 0.0, "y": 1.2000000476837158, "x": 1.25}, "72": {"z": 0.0, "y": 1.2000000476837158, "x": 1.5}, "73": {"z": 0.0, "y": 1.2000000476837158, "x": 1.75}, "74": {"z": 0.0, "y": 1.2000000476837158, "x": 2.0}, "75": {"z": 0.0, "y": 1.2000000476837158, "x": 2.25}, "76": {"z": 0.0, "y": 1.2000000476837158, "x": 2.5}, "77": {"z": 0.0, "y": 1.3999999761581421, "x": 0.0}, "78": {"z": 0.0, "y": 1.3999999761581421, "x": 0.25}, "79": {"z": 0.0, "y": 1.3999999761581421, "x": 0.5}, "80": {"z": 0.0, "y": 1.3999999761581421, "x": 0.75}, "81": {"z": 0.0, "y": 1.3999999761581421, "x": 1.0}, "82": {"z": 0.0, "y": 1.3999999761581421, "x": 1.25}, "83": {"z": 0.0, "y": 1.3999999761581421, "x": 1.5}, "84": {"z": 0.0, "y": 1.3999999761581421, "x": 1.75}, "85": {"z": 0.0, "y": 1.3999999761581421, "x": 2.0}, "86": {"z": 0.0, "y": 1.3999999761581421, "x": 2.25}, "87": {"z": 0.0, "y": 1.3999999761581421, "x": 2.5}, "88": {"z": 0.0, "y": 1.6000000238418579, "x": 0.0}, "89": {"z": 0.0, "y": 1.6000000238418579, "x": 0.25}, "90": {"z": 0.0, "y": 1.6000000238418579, "x": 0.5}, "91": {"z": 0.0, "y": 1.6000000238418579, "x": 0.75}, "92": {"z": 0.0, "y": 1.6000000238418579, "x": 1.0}, "93": {"z": 0.0, "y": 1.6000000238418579, "x": 1.25}, "94": {"z": 0.0, "y": 1.6000000238418579, "x": 1.5}, "95": {"z": 0.0, "y": 1.6000000238418579, "x": 1.75}, "96": {"z": 0.0, "y": 1.6000000238418579, "x": 2.0}, "97": {"z": 0.0, "y": 1.6000000238418579, "x": 2.25}, "98": {"z": 0.0, "y": 1.6000000238418579, "x": 2.5}, "99": {"z": 0.0, "y": 1.7999999523162842, "x": 0.0}, "100": {"z": 0.0, "y": 1.7999999523162842, "x": 0.25}, "101": {"z": 0.0, "y": 1.7999999523162842, "x": 0.5}, "102": {"z": 0.0, "y": 1.7999999523162842, "x": 0.75}, "103": {"z": 0.0, "y": 1.7999999523162842, "x": 1.0}, "104": {"z": 0.0, "y": 1.7999999523162842, "x": 1.25}, "105": {"z": 0.0, "y": 1.7999999523162842, "x": 1.5}, "106": {"z": 0.0, "y": 1.7999999523162842, "x": 1.75}, "107": {"z": 0.0, "y": 1.7999999523162842, "x": 2.0}, "108": {"z": 0.0, "y": 1.7999999523162842, "x": 2.25}, "109": {"z": 0.0, "y": 1.7999999523162842, "x": 2.5}, "110": {"z": 0.0, "y": 2.0, "x": 0.0}, "111": {"z": 0.0, "y": 2.0, "x": 0.25}, "112": {"z": 0.0, "y": 2.0, "x": 0.5}, "113": {"z": 0.0, "y": 2.0, "x": 0.75}, "114": {"z": 0.0, "y": 2.0, "x": 1.0}, "115": {"z": 0.0, "y": 2.0, "x": 1.25}, "116": {"z": 0.0, "y": 2.0, "x": 1.5}, "117": {"z": 0.0, "y": 2.0, "x": 1.75}, "118": {"z": 0.0, "y": 2.0, "x": 2.0}, "119": {"z": 0.0, "y": 2.0, "x": 2.25}, "120": {"z": 0.0, "y": 2.0, "x": 2.5}}, "max_face": 99, "face": {"0": [0, 1, 12, 11], "1": [1, 2, 13, 12], "2": [2, 3, 14, 13], "3": [3, 4, 15, 14], "4": [4, 5, 16, 15], "5": [5, 6, 17, 16], "6": [6, 7, 18, 17], "7": [7, 8, 19, 18], "8": [8, 9, 20, 19], "9": [9, 10, 21, 20], "10": [11, 12, 23, 22], "11": [12, 13, 24, 23], "12": [13, 14, 25, 24], "13": [14, 15, 26, 25], "14": [15, 16, 27, 26], "15": [16, 17, 28, 27], "16": [17, 18, 29, 28], "17": [18, 19, 30, 29], "18": [19, 20, 31, 30], "19": [20, 21, 32, 31], "20": [22, 23, 34, 33], "21": [23, 24, 35, 34], "22": [24, 25, 36, 35], "23": [25, 26, 37, 36], "24": [26, 27, 38, 37], "25": [27, 28, 39, 38], "26": [28, 29, 40, 39], "27": [29, 30, 41, 40], "28": [30, 31, 42, 41], "29": [31, 32, 43, 42], "30": [33, 34, 45, 44], "31": [34, 35, 46, 45], "32": [35, 36, 47, 46], "33": [36, 37, 48, 47], "34": [37, 38, 49, 48], "35": [38, 39, 50, 49], "36": [39, 40, 51, 50], "37": [40, 41, 52, 51], "38": [41, 42, 53, 52], "39": [42, 43, 54, 53], "40": [44, 45, 56, 55], "41": [45, 46, 57, 56], "42": [46, 47, 58, 57], "43": [47, 48, 59, 58], "44": [48, 49, 60, 59], "45": [49, 50, 61, 60], "46": [50, 51, 62, 61], "47": [51, 52, 63, 62], "48": [52, 53, 64, 63], "49": [53, 54, 65, 64], "50": [55, 56, 67, 66], "51": [56, 57, 68, 67], "52": [57, 58, 69, 68], "53": [58, 59, 70, 69], "54": [59, 60, 71, 70], "55": [60, 61, 72, 71], "56": [61, 62, 73, 72], "57": [62, 63, 74, 73], "58": [63, 64, 75, 74], "59": [64, 65, 76, 75], "60": [66, 67, 78, 77], "61": [67, 68, 79, 78], "62": [68, 69, 80, 79], "63": [69, 70, 81, 80], "64": [70, 71, 82, 81], "65": [71, 72, 83, 82], "66": [72, 73, 84, 83], "67": [73, 74, 85, 84], "68": [74, 75, 86, 85], "69": [75, 76, 87, 86], "70": [77, 78, 89, 88], "71": [78, 79, 90, 89], "72": [79, 80, 91, 90], "73": [80, 81, 92, 91], "74": [81, 82, 93, 92], "75": [82, 83, 94, 93], "76": [83, 84, 95, 94], "77": [84, 85, 96, 95],