{"dea": {}, "dfa": {"is_boundary": false, "is_fin": false, "set": null}, "vertex": {"0": {"z": 0.0, "y": 0.0, "x": 0.0}, "1": {"z": 0.0, "y": 0.0, "x": 0.83333331346511841}, "2": {"z": 0.0, "y": 0.0, "x": 1.6666666269302368}, "3": {"z": 0.0, "y": 0.0, "x": 2.5}, "4": {"z": 0.0, "y": 0.66666668653488159, "x": 0.0}, "5": {"z": 0.0, "y": 0.66666668653488159, "x": 0.83333331346511841}, "6": {"z": 0.0, "y": 0.66666668653488159, "x": 1.6666666269302368}, "7": {"z": 0.0, "y": 0.66666668653488159, "x": 2.5}, "8": {"z": 0.0, "y": 1.3333333730697632, "x": 0.0}, "9": {"z": 0.0, "y": 1.3333333730697632, "x": 0.83333331346511841}, "10": {"z": 0.0, "y": 1.3333333730697632, "x": 1.6666666269302368}, "11": {"z": 0.0, "y": 1.3333333730697632, "x": 2.5}, "12": {"z": 0.0, "y": 2.0, "x": 0.0}, "13": {"z": 0.0, "y": 2.0, "x": 0.83333331346511841}, "14": {"z": 0.0, "y": 2.0, "x": 1.6666666269302368}, "15": {"z": 0.0, "y": 2.0, "x": 2.5}}, "max_face": 8, "face": {"0": [0, 1, 5, 4], "1": [1, 2, 6, 5], "2": [2, 3, 7, 6], "3": [4, 5, 9, 8], "4": [5, 6, 10, 9], "5": [6, 7, 11, 10], "6": [8, 9, 13, 12], "7": [9, 10, 14, 13], "8": [10, 11, 15, 14]}, "facedata": {"0": {}, "1": {}, "2": {}, "3": {}, "4": {}, "5": {}, "6": {}, "7": {}, "8": {}}, "attributes": {"name": "Mesh"}, "edgedata": {}, "max_vertex": 15, "dva": {"z": 0.0, "y": 0.0, "x": 0.0}}