{"dea": {}, "dfa": {}, "vertex": {"0": {"z": 0.31911831817794845, "y": 1.2339241636213947, "x": 1.0602640271650821}, "1": {"z": 0.25848895237727909, "y": 1.2339241636214151, "x": 1.4127837065485622}, "2": {"z": 0.26048134507121512, "y": 1.7629599654287973, "x": 1.0602640271650734}, "3": {"z": 0.25848895237727332, "y": 1.2339241636213947, "x": 0.70774434778156159}, "4": {"z": -6.6613381477509392e-15, "y": 2.4678483272428164, "x": 0.0}, "5": {"z": -8.8817841970012523e-16, "y": 2.4678483272428164, "x": 2.1205280543301428}, "6": {"z": 0.26048134507121512, "y": 0.70488836181401882, "x": 1.0602640271650734}, "7": {"z": -2.6645352591003757e-15, "y": -2.7755575615628914e-16, "x": 2.1205280543301428}, "8": {"z": 0.0, "y": 0.0, "x": 0.0}}, "max_face": 7, "face": {"0": [2, 5, 4], "1": [0, 1, 5, 2], "2": [0, 3, 8, 6], "3": [0, 2, 4, 3], "4": [8, 3, 4], "5": [7, 5, 1], "6": [0, 6, 7, 1], "7": [6, 8, 7]}, "facedata": {"0": {}, "1": {}, "2": {}, "3": {}, "4": {}, "5": {}, "6": {}, "7": {}}, "attributes": {"name": "Mesh"}, "edgedata": {}, "max_vertex": 8, "dva": {"z": 0.0, "y": 0.0, "x": 0.0}}